{
  "FR_ansatz": {
    "ferr": 0.005186660290176226,
    "d_FR": 0.004236910054331828,
    "1mR2_Tstar": 0.00010119757881356186,
    "slope_Tstar": 1.0119122332019403,
    "intercept_Tstar": -0.0015265883303049903,
    "iters": 200
  },
  "two_step": {
    "ferr": 0.01860951473583139,
    "d_FR": 0.0217705335640504,
    "1mR2_Tstar": 0.00420988615014718,
    "slope_Tstar": 1.0129487092187583,
    "intercept_Tstar": -0.002165995406855676,
    "iters": 200
  }
}